Class,total_transaction,avg_amount,max_amount
0,284315,88.29102242225574,25691.16
1,492,122.21132113821133,2125.87
